Date,EW_Open
2015-01-01,136.42988594210877
2015-01-02,136.42988594210877
2015-01-05,136.42988594210877
2015-01-06,133.6604640143258
2015-01-07,132.10066542333487
2015-01-08,134.19810585099825
2015-01-09,136.33944305108517
2015-01-12,134.6028098281549
2015-01-13,133.33220228856925
2015-01-14,134.87348597390312
2015-01-15,134.35177886729338
2015-01-16,136.06599342579744
2015-01-19,135.08266886886284
2015-01-20,135.3565212755787
2015-01-21,139.26352002669353
2015-01-22,140.16371016599695
2015-01-23,142.1204379918624
2015-01-26,144.74504429953438
2015-01-27,146.2295315800881
2015-01-28,144.79249934760892
2015-01-29,144.28810909816198
2015-01-30,142.6111361055958
2015-02-02,141.29882466063208
2015-02-03,142.39076081100777
2015-02-04,145.59669395368925
2015-02-05,144.19515948392907
2015-02-06,143.25211059803866
2015-02-09,141.40363693237305
2015-02-10,141.62343099165935
2015-02-11,141.55896698698706
2015-02-12,143.21505437578475
2015-02-13,143.1284946324874
2015-02-16,143.1284946324874
2015-02-17,143.1284946324874
2015-02-18,143.1284946324874
2015-02-19,143.1284946324874
2015-02-20,143.1284946324874
2015-02-23,143.1284946324874
2015-02-24,145.23902735418204
2015-02-25,145.96423213335933
2015-02-26,144.83247969101888
2015-02-27,144.83247969101888
2015-03-02,144.24796413888737
2015-03-03,143.69343767360766
2015-03-04,142.62381080705293
2015-03-05,143.02137890640572
2015-03-06,141.57433626603108
2015-03-09,144.1950702083354
2015-03-10,144.08240359170097
2015-03-11,140.45077617800965
2015-03-12,142.245014404764
2015-03-13,143.1655056817191
2015-03-16,142.2934567003834
2015-03-17,141.85476386790373
2015-03-18,142.9521698075898
2015-03-19,145.58404838795565
2015-03-20,145.2332954212111
2015-03-23,145.31236183400057
2015-03-24,145.80373302771122
2015-03-25,145.1646836339211
2015-03-26,142.21634298441361
2015-03-27,142.12242262704032
2015-03-30,140.70485329141422
2015-03-31,140.97838510785783
2015-04-01,141.26774534887198
2015-04-02,141.8900352205549
2015-04-03,141.8900352205549
2015-04-06,141.8900352205549
2015-04-07,142.5255283044309
2015-04-08,141.7050531153776
2015-04-09,140.42460373469763
2015-04-10,140.56696060725622
2015-04-13,140.8415435090357
2015-04-14,140.47905316644784
2015-04-15,140.164761990917
2015-04-16,140.69834105822505
2015-04-17,142.4598984621009
2015-04-20,141.62560478521854
2015-04-21,144.8609189208673
2015-04-22,145.57476777446513
2015-04-23,148.330651069174
2015-04-24,152.12230042048864
2015-04-27,152.68226997219787
2015-04-28,154.07931357013936
2015-04-29,153.0011642806384
2015-04-30,151.25436119157442
2015-05-01,151.25436119157442
2015-05-04,151.3189459820183
2015-05-05,152.18970931306177
2015-05-06,151.24111755526795
2015-05-07,150.17696764031234
2015-05-08,149.3878566391614
2015-05-11,150.74844909200863
2015-05-12,148.50780224313542
2015-05-13,149.3069879181531
2015-05-14,149.81611975845024
2015-05-15,148.62848379174056
2015-05-18,148.2443806005984
2015-05-19,149.44153587185608
2015-05-20,153.44913675347152
2015-05-21,152.35917081638257
2015-05-22,152.71677867733703
2015-05-25,155.00693383508798
2015-05-26,155.73125810039286
2015-05-27,155.40193863304293
2015-05-28,157.8635725877723
2015-05-29,156.31245054517473
2015-06-01,154.9687358116617
2015-06-02,154.87343426139986
2015-06-03,154.97053837289616
2015-06-04,153.7009655699438
2015-06-05,147.64554405212402
2015-06-08,148.29740775361353
2015-06-09,149.5042969645286
2015-06-10,147.83353836682377
2015-06-11,147.85171539929448
2015-06-12,148.9643367845185
2015-06-15,148.09474390380237
2015-06-16,146.5353277946005
2015-06-17,146.84412800535864
2015-06-18,147.75694796503808
2015-06-19,147.75694796503808
2015-06-22,149.11198797031324
2015-06-23,152.16054830745776
2015-06-24,153.5185143412376
2015-06-25,154.08451043343058
2015-06-26,155.84800451629016
2015-06-29,152.17953471748197
2015-06-30,150.72006684906628
2015-07-01,152.760702035865
2015-07-02,156.11608392365125
2015-07-03,155.99538925715856
2015-07-06,154.71667663418518
2015-07-07,152.56934531854122
2015-07-08,147.7571893808793
2015-07-09,140.81366307394845
2015-07-10,142.78507668631417
2015-07-13,144.0376295751455
2015-07-14,146.90760980333602
2015-07-15,148.25755775218107
2015-07-16,147.03612872532435
2015-07-17,148.9243486170866
2015-07-20,148.80324231361857
2015-07-21,147.90162392051852
2015-07-22,145.11612668329354
2015-07-23,145.93386445726668
2015-07-24,142.69162253944242
2015-07-27,140.016350279049
2015-07-28,135.9141360886243
2015-07-29,138.76935149212272
2015-07-30,136.4127341095282
2015-07-31,138.4199534630289
2015-08-03,137.31613011262854
2015-08-04,133.0120452764083
2015-08-05,132.3739295492367
2015-08-06,131.90910279020972
2015-08-07,128.34337339595874
2015-08-10,131.27814651022152
2015-08-11,136.40804205135424
2015-08-12,134.35325326724927
2015-08-13,133.94114469022168
2015-08-14,133.571882909658
2015-08-17,131.1677415030343
2015-08-18,132.14916272066077
2015-08-19,131.67875441726372
2015-08-20,127.19201226137122
2015-08-21,123.37373825968528
2015-08-24,119.05643114751699
2015-08-25,118.63424551243685
2015-08-26,123.98489558940031
2015-08-27,126.05392744103257
2015-08-28,128.6882812636239
2015-08-31,129.70660419853365
2015-09-01,130.07913130156848
2015-09-02,127.08864951620296
2015-09-03,128.44475376362703
2015-09-04,126.77380714611131
2015-09-07,122.24144521051524
2015-09-08,121.0312212632627
2015-09-09,124.09745145330623
2015-09-10,127.59678319035744
2015-09-11,127.52304709687525
2015-09-14,130.7552827912934
2015-09-15,130.27459146538558
2015-09-16,126.99377894888119
2015-09-17,129.74229804836975
2015-09-18,131.47283005227848
2015-09-21,129.15329884509651
2015-09-22,128.3373346134108
2015-09-23,126.566548658877
2015-09-24,126.67479617255074
2015-09-25,122.15426035316624
2015-09-28,122.15426035316624
2015-09-29,124.07336968791728
2015-09-30,120.91504110608783
2015-10-01,121.42007514408657
2015-10-02,120.21282713753837
2015-10-05,122.9948294892603
2015-10-06,123.47574926882373
2015-10-07,126.58803571973529
2015-10-08,127.04889028899524
2015-10-09,127.04889028899524
2015-10-12,125.42076684990708
2015-10-13,127.78016041736214
2015-10-14,126.09320455667924
2015-10-15,125.81015958591384
2015-10-16,128.1469834775341
2015-10-19,126.31101076943534
2015-10-20,123.51143815566083
2015-10-21,123.41275078909737
2015-10-22,122.7498214098872
2015-10-23,125.6357205254691
2015-10-26,125.09353363270662
2015-10-27,126.07778305910071
2015-10-28,124.84726148722123
2015-10-29,126.13176927761155
2015-10-30,123.75910301597752
2015-11-02,123.53713899729203
2015-11-03,127.60971900394985
2015-11-04,130.5368276323591
2015-11-05,133.3330386998702
2015-11-06,134.1929052897862
2015-11-09,128.245013275925
2015-11-10,123.76900388756577
2015-11-11,124.526621779617
2015-11-12,122.47521692392777
2015-11-13,121.35704961115
2015-11-16,120.00056072157257
2015-11-17,122.99214168470733
2015-11-18,123.13572087579844
2015-11-19,123.51210160158118
2015-11-20,124.87097837487046
2015-11-23,126.32862145560128
2015-11-24,124.19842188698905
2015-11-25,120.86448451450893
2015-11-26,121.47330546865658
2015-11-27,122.77013638554787
2015-11-30,120.27931581224713
2015-12-01,121.22368594578334
2015-12-02,123.18168581748495
2015-12-03,122.6100385626968
2015-12-04,122.42517217324705
2015-12-07,122.17711866145231
2015-12-08,119.1309557836883
2015-12-09,117.93429300736408
2015-12-10,115.91744072583256
2015-12-11,116.12923854711104
2015-12-14,114.51920230048043
2015-12-15,113.67759036044686
2015-12-16,114.14830766405377
2015-12-17,113.76116447059475
2015-12-18,114.97292383349672
2015-12-21,114.92919251383567
2015-12-22,117.45856869950586
2015-12-23,117.7752913066319
2015-12-24,117.87327488101259
2015-12-25,116.69317545209613
2015-12-28,118.15479979223134
2015-12-29,116.99642570651308
2015-12-30,117.11901342625521
2015-12-31,116.29429947600073
2016-01-01,116.29429947600073
2016-01-04,116.20487334776898
2016-01-05,111.58599945963645
2016-01-06,106.9996512179472
2016-01-07,106.78379188265119
2016-01-08,102.29374530364056
2016-01-11,105.9028309705306
2016-01-12,106.22159732117944
2016-01-13,105.14447594662101
2016-01-14,103.40926556684533
2016-01-15,106.45949301427724
2016-01-18,104.40287856666409
2016-01-19,106.71658541231739
2016-01-20,106.565441793325
2016-01-21,105.06258785481356
2016-01-22,106.7036019733974
2016-01-25,108.18559118193023
2016-01-26,107.63119082548181
2016-01-27,111.14313484697925
2016-01-28,108.18783425311653
2016-01-29,112.46521222834684
2016-02-01,119.47375034799381
2016-02-02,116.41003629139492
2016-02-03,114.80663253823106
2016-02-04,114.80663253823106
2016-02-05,114.80663253823106
2016-02-08,114.80663253823106
2016-02-09,114.80663253823106
2016-02-10,114.80663253823106
2016-02-11,114.80663253823106
2016-02-12,114.80663253823106
2016-02-15,112.98986272422634
2016-02-16,117.41812163956311
2016-02-17,121.21145714545736
2016-02-18,120.81059777979948
2016-02-19,119.84588376843199
2016-02-22,122.3267540153192
2016-02-23,123.20100225721087
2016-02-24,121.80698436620284
2016-02-25,122.53846342709599
2016-02-26,123.04619502048104
2016-02-29,123.04619502048104
2016-03-01,123.0922735467249
2016-03-02,129.63792921572315
2016-03-03,127.97811168553878
2016-03-04,127.04186543639825
2016-03-07,129.06569200632524
2016-03-08,127.31571528376365
2016-03-09,126.0642952043183
2016-03-10,124.83661486178028
2016-03-11,125.57267217246853
2016-03-14,127.45673543579724
2016-03-15,127.09107128454714
2016-03-16,123.64664965259786
2016-03-17,127.2642778571771
2016-03-18,125.36247868440589
2016-03-21,127.07716805594308
2016-03-22,125.9248791324849
2016-03-23,125.98822252117857
2016-03-24,125.06269387809597
2016-03-25,124.8531431957167
2016-03-28,123.0271841068657
2016-03-29,121.99122278057798
2016-03-30,123.21488122550808
2016-03-31,126.71691311622152
2016-04-01,123.57288799480516
2016-04-04,123.57288799480516
2016-04-05,123.57288799480516
2016-04-06,120.86441704691673
2016-04-07,122.08454978709318
2016-04-08,121.29339755311304
2016-04-11,121.17080024797089
2016-04-12,121.69524213245937
2016-04-13,120.15780203683036
2016-04-14,122.67540236881801
2016-04-15,119.67936563491821
2016-04-18,122.82711584713994
2016-04-19,124.18046836463772
2016-04-20,121.78497110094342
2016-04-21,120.80498566919444
2016-04-22,120.11342634473529
2016-04-25,117.8004598228299
2016-04-26,117.47119271025366
2016-04-27,117.30115232662278
2016-04-28,119.47702983934052
2016-04-29,116.56240062324368
2016-05-02,116.56240062324368
2016-05-03,116.50547950121822
2016-05-04,116.69336369572854
2016-05-05,115.69055954290896
2016-05-06,115.24062982870608
2016-05-09,118.12074675851939
2016-05-10,118.92954326162533
2016-05-11,120.9186042668868
2016-05-12,123.41698811005573
2016-05-13,121.42923474798397
2016-05-16,120.83183287601082
2016-05-17,121.67145098472128
2016-05-18,121.2597797160246
2016-05-19,122.77363090125881
2016-05-20,121.5874410746049
2016-05-23,123.43365953406509
2016-05-24,125.47642744803915
2016-05-25,126.52315814154488
2016-05-26,126.96170198674105
2016-05-27,126.33420043088952
2016-05-30,126.46289732018296
2016-05-31,128.41887279432646
2016-06-01,127.71247116400271
2016-06-02,131.2218647976311
2016-06-03,130.49509908715072
2016-06-06,132.7498447943707
2016-06-07,132.84596417874707
2016-06-08,135.86567507957926
2016-06-09,135.86567507957926
2016-06-10,135.86567507957926
2016-06-13,133.27557097649088
2016-06-14,131.7469857468897
2016-06-15,134.3636740859674
2016-06-16,134.32995877947127
2016-06-17,133.79035711288452
2016-06-20,134.57626184152096
2016-06-21,134.44979796117667
2016-06-22,135.82075506327104
2016-06-23,136.51010781891492
2016-06-24,136.50979877004818
2016-06-27,130.98943228624304
2016-06-28,128.5403627473481
2016-06-29,132.7838762439027
2016-06-30,134.33135959080286
2016-07-01,134.57412743081852
2016-07-04,134.89647748518962
2016-07-05,135.85857430282906
2016-07-06,133.6986368432337
2016-07-07,133.0324311840291
2016-07-08,132.77091942028125
2016-07-11,136.26400949517074
2016-07-12,136.9120769987301
2016-07-13,140.82893525337687
2016-07-14,139.4031397079935
2016-07-15,142.57825680168307
2016-07-18,147.66463578477197
2016-07-19,147.84148473155741
2016-07-20,145.62354277591317
2016-07-21,144.9472497142091
2016-07-22,146.07806046155034
2016-07-25,145.39359418713317
2016-07-26,144.10921667060074
2016-07-27,147.42045961107527
2016-07-28,148.56731920826192
2016-07-29,148.3728053131882
2016-08-01,146.9364790235247
2016-08-02,148.9306971978168
2016-08-03,147.49749160299496
2016-08-04,149.3659203879687
2016-08-05,150.1096792318383
2016-08-08,154.55924072070997
2016-08-09,153.2914268143323
2016-08-10,153.60075092315674
2016-08-11,153.9204845623094
2016-08-12,153.96793591246313
2016-08-15,154.08071811831726
2016-08-16,153.92605923633187
2016-08-17,154.04395340900032
2016-08-18,153.14710661829736
2016-08-19,152.38533623364506
2016-08-22,149.45699220774125
2016-08-23,150.0384877068656
2016-08-24,150.54141906816133
2016-08-25,150.6188426698957
2016-08-26,150.27917346175835
2016-08-29,151.04334081922258
2016-08-30,150.49648064983134
2016-08-31,150.72343551869295
2016-09-01,150.67600032261439
2016-09-02,152.3472456640127
2016-09-05,151.3217113650575
2016-09-06,153.3010058694956
2016-09-07,153.59086388957743
2016-09-08,154.66917878754285
2016-09-09,152.25772328279456
2016-09-12,144.74706880413757
2016-09-13,145.75747958008125
2016-09-14,146.99367065818942
2016-09-15,146.99367065818942
2016-09-16,146.99367065818942
2016-09-19,152.46730930951176
2016-09-20,155.118737006674
2016-09-21,154.1799026703348
2016-09-22,157.093256755751
2016-09-23,154.6017336164202
2016-09-26,155.1789216411357
2016-09-27,154.5354012469856
2016-09-28,154.5354012469856
2016-09-29,155.8469431157015
2016-09-30,154.69353901610083
2016-10-03,155.9690118322567
2016-10-04,156.66788271495275
2016-10-05,157.69072785669442
2016-10-06,157.9533356355161
2016-10-07,155.64208484182552
2016-10-10,155.64208484182552
2016-10-11,155.3128473904668
2016-10-12,153.46933493322257
2016-10-13,156.08393515372762
2016-10-14,152.07317689000342
2016-10-17,152.47123174278104
2016-10-18,152.33405892703
2016-10-19,153.67085819828267
2016-10-20,153.5138142546829
2016-10-21,153.32358020665694
2016-10-24,153.9974881483584
2016-10-25,155.41842835290092
2016-10-26,153.41334169738147
2016-10-27,154.9182965901433
2016-10-28,154.14375941607418
2016-10-31,153.65123013087683
2016-11-01,153.2861910158274
2016-11-02,151.45097695564738
2016-11-03,149.32126277806807
2016-11-04,147.2181521824428
2016-11-07,146.59817494178304
2016-11-08,150.54901492838957
2016-11-09,151.11223134215996
2016-11-10,148.36903213968083
2016-11-11,145.8783830039355
2016-11-14,143.8700928785363
2016-11-15,141.2555394659237
2016-11-16,143.51374336164824
2016-11-17,143.5273271774759
2016-11-18,143.64539388734468
2016-11-21,146.27767723433826
2016-11-22,147.54069085996977
2016-11-23,148.18587454971
2016-11-24,148.15004477208976
2016-11-25,148.12782807252844
2016-11-28,149.47739194363965
2016-11-29,150.1432589511482
2016-11-30,150.8737581603381
2016-12-01,151.9071271078927
2016-12-02,151.06300943724963
2016-12-05,149.65639451085303
2016-12-06,151.20084451169384
2016-12-07,153.42436508256563
2016-12-08,154.71663076050427
2016-12-09,153.09603877943388
2016-12-12,154.32040989155672
2016-12-13,152.53084900914405
2016-12-14,153.93755114808374
2016-12-15,152.3253522405819
2016-12-16,152.56255733723543
2016-12-19,152.18320889375647
2016-12-20,150.92853729092346
2016-12-21,149.9450873744731
2016-12-22,149.965496997444
2016-12-23,148.02516160692488
2016-12-26,148.15397187641688
2016-12-27,147.978163213146
2016-12-28,149.9143292563302
2016-12-29,151.6116786878936
2016-12-30,152.4131063733782
2017-01-02,152.4131063733782
2017-01-03,154.09028343278536
2017-01-04,154.44725564061378
2017-01-05,154.74985858372278
2017-01-06,159.4945434842791
2017-01-09,162.30201806827466
2017-01-10,158.33828186502262
2017-01-11,162.36303607784973
2017-01-12,161.7547924275301
2017-01-13,164.2495345680081
2017-01-16,163.67797654988814
2017-01-17,163.94494942256384
2017-01-18,166.8834996418077
2017-01-19,167.07683062066837
2017-01-20,164.36485190294226
2017-01-23,167.0202538821162
2017-01-24,168.3678878472776
2017-01-25,168.3678878472776
2017-01-26,168.3678878472776
2017-01-27,168.3678878472776
2017-01-30,168.3678878472776
2017-01-31,168.3678878472776
2017-02-01,168.3678878472776
2017-02-02,171.04283944927917
2017-02-03,170.0627462231383
2017-02-06,169.83171119495313
2017-02-07,170.24658880428393
2017-02-08,169.97426356101522
2017-02-09,170.8142856189183
2017-02-10,173.59978821812842
2017-02-13,176.390927937566
2017-02-14,175.23708331828215
2017-02-15,176.41029535021102
2017-02-16,177.13477601810376
2017-02-17,173.820290546028
2017-02-20,172.33985030894377
2017-02-21,172.01309414299166
2017-02-22,175.60790735361527
2017-02-23,176.51294344298694
2017-02-24,176.78849985161605
2017-02-27,176.78849985161605
2017-02-28,176.78849985161605
2017-03-01,171.92320712731808
2017-03-02,173.18996411926892
2017-03-03,170.40669690346232
2017-03-06,172.04453283426713
2017-03-07,171.67131990315963
2017-03-08,171.69994871956962
2017-03-09,171.3560113322978
2017-03-10,170.90865296733622
2017-03-13,172.0665589741298
2017-03-14,176.01304237210022
2017-03-15,175.25647441708313
2017-03-16,175.66802453021614
2017-03-17,177.0962834455529
2017-03-20,178.56160220321343
2017-03-21,179.02000462279028
2017-03-22,178.31151742351298
2017-03-23,180.02939823695593
2017-03-24,179.52413593992895
2017-03-27,179.39547928012146
2017-03-28,180.2136622448357
2017-03-29,178.9820310242322
2017-03-30,178.0257176379768
2017-03-31,177.4887077175841
2017-04-03,177.4887077175841
2017-04-04,177.4887077175841
2017-04-05,180.45407303012146
2017-04-06,178.3916086080123
2017-04-07,176.5891909696618
2017-04-10,179.88879982306034
2017-04-11,176.70596739710595
2017-04-12,174.58080424094686
2017-04-13,172.83511410927287
2017-04-14,177.15369613803162
2017-04-17,180.37368276167888
2017-04-18,180.3979077825741
2017-04-19,178.65972824485934
2017-04-20,177.86956487383162
2017-04-21,179.96513203212194
2017-04-24,182.73212857149085
2017-04-25,183.2680444133525
2017-04-26,185.47260017784274
2017-04-27,185.3565958568028
2017-04-28,185.50338861893636
2017-05-01,185.50338861893636
2017-05-02,186.2452877395007
2017-05-03,185.7224059202233
2017-05-04,186.1546320039399
2017-05-05,185.61657771285698
2017-05-08,185.55347831881775
2017-05-09,184.71528740318453
2017-05-10,185.202491526701
2017-05-11,185.23429164107964
2017-05-12,184.90690791850187
2017-05-15,183.83063168428382
2017-05-16,184.66170801435197
2017-05-17,183.91004445601482
2017-05-18,180.5531005859375
2017-05-19,182.95510593725712
2017-05-22,183.35238921885588
2017-05-23,183.68010149196704
2017-05-24,183.99090325102514
2017-05-25,184.13055077377632
2017-05-26,183.74365944765051
2017-05-29,183.74365944765051
2017-05-30,183.74365944765051
2017-05-31,184.00193634811714
2017-06-01,182.2969938589602
2017-06-02,183.0584934001066
2017-06-05,185.00515151510433
2017-06-06,185.89331519847013
2017-06-07,184.12544143443205
2017-06-08,184.272176119746
2017-06-09,184.86427717792745
2017-06-12,183.26320838928223
2017-06-13,183.99256324768066
2017-06-14,184.38555912095674
2017-06-15,181.18562918293233
2017-06-16,180.345736133809
2017-06-19,182.2230974022223
2017-06-20,184.76438138922867
2017-06-21,185.73259274813594
2017-06-22,186.62516109310852
2017-06-23,188.228965408948
2017-06-26,188.74977002825057
2017-06-27,191.90291208150435
2017-06-28,190.22539635093844
2017-06-29,189.69840765972526
2017-06-30,187.61997777588513
2017-07-03,186.8552261274688
2017-07-04,185.9896299401108
2017-07-05,185.72104403437402
2017-07-06,187.91403153477881
2017-07-07,187.71066535249048
2017-07-10,188.58571484624122
2017-07-11,192.80601917967505
2017-07-12,195.85744929800228
2017-07-13,198.95194884708948
2017-07-14,192.6326819633951
2017-07-17,194.20277295793807
2017-07-18,196.7353240811095
2017-07-19,201.32801217448954
2017-07-20,203.89125987461634
2017-07-21,202.28726992315177
2017-07-24,198.98103266346212
2017-07-25,202.8761692436374
2017-07-26,204.49580527325065
2017-07-27,202.51786224209533
2017-07-28,202.64005067397136
2017-07-31,200.0092313727554
2017-08-01,202.52448815715556
2017-08-02,205.2850410889606
2017-08-03,206.9400502224358
2017-08-04,205.23175356339436
2017-08-07,207.57161854724495
2017-08-08,207.23516002966434
2017-08-09,203.55293848076644
2017-08-10,201.8256982491941
2017-08-11,197.44950557241634
2017-08-14,202.57565303724638
2017-08-15,202.20162887962496
2017-08-16,200.4897298228984
2017-08-17,199.40407871713444
2017-08-18,198.55700909361548
2017-08-21,199.28954276260063
2017-08-22,200.64997203982605
2017-08-23,202.66475942183513
2017-08-24,203.76704803778202
2017-08-25,210.4682577872763
2017-08-28,210.44183425514066
2017-08-29,207.22975608280726
2017-08-30,207.07304536079874
2017-08-31,209.14791603477633
2017-09-01,208.866068003129
2017-09-04,208.8716047831944
2017-09-05,208.74136712599773
2017-09-06,211.05152967024821
2017-09-07,210.6081610115207
2017-09-08,211.41621546842615
2017-09-11,212.28173664637976
2017-09-12,210.10453307871916
2017-09-13,209.6159760222143
2017-09-14,204.19487517220634
2017-09-15,203.62899141895528
2017-09-18,208.87968972264503
2017-09-19,210.56403827667236
2017-09-20,209.97056758647062
2017-09-21,204.3125579016549
2017-09-22,206.19076717143156
2017-09-25,198.0942648089662
2017-09-26,196.68862278607426
2017-09-27,196.87932826061638
2017-09-28,200.69408913047945
2017-09-29,197.7115281747312
2017-10-02,200.11419588205766
2017-10-03,202.04810858745964
2017-10-04,202.04810858745964
2017-10-05,204.46967337082845
2017-10-06,204.4778883408527
2017-10-09,204.4778883408527
2017-10-10,204.4778883408527
2017-10-11,205.2544626313813
2017-10-12,203.81800925974943
2017-10-13,204.28857022888806
2017-10-16,206.2741719654628
2017-10-17,211.04420296026737
2017-10-18,209.79592420616927
2017-10-19,206.84419742895633
2017-10-20,207.25716125721834
2017-10-23,207.77920335652877
2017-10-24,206.35614066221277
2017-10-25,207.4702584986784
2017-10-26,207.68565645023267
2017-10-27,208.07199092787138
2017-10-30,209.65117086683
2017-10-31,210.47048597919698
2017-11-01,212.00801020252462
2017-11-02,210.87949807303292
2017-11-03,212.6727964634798
2017-11-06,214.86194904483094
2017-11-07,214.51814071499572
2017-11-08,213.86179612607373
2017-11-09,213.6187696262282
2017-11-10,210.03481516546134
2017-11-13,209.82630673233345
2017-11-14,208.80802216821786
2017-11-15,206.5494228674441
2017-11-16,206.8004873626086
2017-11-17,208.977021081107
2017-11-20,207.38369098974735
2017-11-21,207.53111418899223
2017-11-22,208.37249288753588
2017-11-23,209.967152070026
2017-11-24,209.4094866343907
2017-11-27,210.51545257957613
2017-11-28,203.9655890367469
2017-11-29,204.62127019921127
2017-11-30,198.40606074430505
2017-12-01,199.10404364916744
2017-12-04,193.7936433286083
2017-12-05,190.03704654927157
2017-12-06,183.41210665021623
2017-12-07,180.65972838109855
2017-12-08,180.04332388663778
2017-12-11,182.6032130766888
2017-12-12,182.70507394051066
2017-12-13,181.52789581065275
2017-12-14,183.0547581108249
2017-12-15,180.04438108327437
2017-12-18,177.90745151286222
2017-12-19,181.260951664983
2017-12-20,178.43237828235237
2017-12-21,179.58610598895015
2017-12-22,178.67632645976786
2017-12-25,180.25069452791797
2017-12-26,175.80911657761555
2017-12-27,174.690155846732
2017-12-28,173.02358475509956
2017-12-29,177.48543455162826
2018-01-01,177.48543455162826
2018-01-02,178.73593454944844
2018-01-03,185.5686207206882
2018-01-04,182.76112967121358
2018-01-05,183.36601553157885
2018-01-08,176.49758549125826
2018-01-09,177.96257863725936
2018-01-10,175.01027445890466
2018-01-11,175.20849948026697
2018-01-12,177.1983875741764
2018-01-15,184.14930995629757
2018-01-16,178.83132064585783
2018-01-17,179.38620362962996
2018-01-18,180.47416517685872
2018-01-19,181.17788892862748
2018-01-22,181.57359872545516
2018-01-23,183.12776503270987
2018-01-24,181.09660934915348
2018-01-25,177.59681658842126
2018-01-26,178.4049175807408
2018-01-29,181.42638716405753
2018-01-30,181.60109156005237
2018-01-31,179.80889787479322
2018-02-01,181.74439175274907
2018-02-02,183.4627746076
2018-02-05,175.22565935095963
2018-02-06,167.11077701802157
2018-02-07,168.38820519739267
2018-02-08,169.39006774279537
2018-02-09,164.3061115693073
2018-02-12,167.01097097202222
2018-02-13,167.01097097202222
2018-02-14,167.01097097202222
2018-02-15,167.01097097202222
2018-02-16,167.01097097202222
2018-02-19,167.01097097202222
2018-02-20,167.01097097202222
2018-02-21,172.40250418137532
2018-02-22,174.8899026987504
2018-02-23,176.38774817330497
2018-02-26,179.88491013585303
2018-02-27,176.79095840454102
2018-02-28,176.79095840454102
2018-03-01,172.12388955330363
2018-03-02,174.8057935091914
2018-03-05,176.63446819538973
2018-03-06,173.2098107240638
2018-03-07,170.58705316271102
2018-03-08,173.02925962331344
2018-03-09,175.03680484148921
2018-03-12,180.3485844281255
2018-03-13,181.08140885100073
2018-03-14,181.23884835535165
2018-03-15,177.95688294391243
2018-03-16,177.21325169777384
2018-03-19,175.36403212255362
2018-03-20,174.25394708283093
2018-03-21,174.85793133171236
2018-03-22,177.64951336140535
2018-03-23,168.9577085144666
2018-03-26,168.7430319104876
2018-03-27,173.57029801972058
2018-03-28,168.60693579303975
2018-03-29,170.2145269160368
2018-03-30,170.14442235596326
2018-04-02,169.03124429741683
2018-04-03,161.8797699091386
2018-04-04,161.8797699091386
2018-04-05,161.8797699091386
2018-04-06,161.8797699091386
2018-04-09,164.63646612361987
2018-04-10,163.05652723507006
2018-04-11,170.9903504507882
2018-04-12,169.56442461208422
2018-04-13,172.49093044047453
2018-04-16,173.6876427397436
2018-04-17,176.53826723293383
2018-04-18,176.11658678249438
2018-04-19,176.11541156379545
2018-04-20,173.02430775700782
2018-04-23,173.31248335935632
2018-04-24,170.11118787648726
2018-04-25,166.25409749089454
2018-04-26,167.4475914507496
2018-04-27,168.5747446332659
2018-04-30,168.3419927285642
2018-05-01,168.3419927285642
2018-05-02,174.0599846158709
2018-05-03,178.182752979045
2018-05-04,174.93537852228906
2018-05-07,180.52718419444804
2018-05-08,184.3694751895204
2018-05-09,185.19889272962297
2018-05-10,187.42874894823348
2018-05-11,188.2809317452567
2018-05-14,191.68332876477922
2018-05-15,195.51974633275245
2018-05-16,190.7953263107611
2018-05-17,190.81218861560433
2018-05-18,188.67325545330436
2018-05-21,189.25587877935294
2018-05-22,191.4092753663355
2018-05-23,190.6928293850957
2018-05-24,187.97775511838952
2018-05-25,189.49648604101066
2018-05-28,191.390557931394
2018-05-29,194.24992074771802
2018-05-30,194.63122953687395
2018-05-31,195.30578770929452
2018-06-01,190.89235827387597
2018-06-04,196.87032685961043
2018-06-05,202.0803410471702
2018-06-06,206.93621150814758
2018-06-07,209.88330087856372
2018-06-08,210.58033993779395
2018-06-11,208.57241453443254
2018-06-12,208.31736755371094
2018-06-13,208.08272614771005
2018-06-14,207.28205260451958
2018-06-15,204.11762965455347
2018-06-18,204.11762965455347
2018-06-19,202.02976265732124
2018-06-20,197.07841972428926
2018-06-21,198.6053553795328
2018-06-22,196.40827001844133
2018-06-25,193.7817344081645
2018-06-26,194.27305377259546
2018-06-27,199.50409824994145
2018-06-28,193.69333224393884
2018-06-29,197.06245770746347
2018-07-02,200.7627479981403
2018-07-03,203.6272513720454
2018-07-04,199.87286221251196
2018-07-05,199.37646854167082
2018-07-06,199.62964908444152
2018-07-09,203.1161098674852
2018-07-10,209.6578719080711
2018-07-11,203.49800357040093
2018-07-12,204.8804232149708
2018-07-13,211.3254690559543
2018-07-16,212.31184912701042
2018-07-17,209.40892813157063
2018-07-18,208.96413281499122
2018-07-19,208.623347107245
2018-07-20,209.7203980270697
2018-07-23,210.7612597407127
2018-07-24,210.2546833194032
2018-07-25,210.51091007310518
2018-07-26,213.06780309093241
2018-07-27,211.71827232594393
2018-07-30,212.75928958581417
2018-07-31,208.19325988146724
2018-08-01,209.58365932776005
2018-08-02,206.689279361647
2018-08-03,204.98561936981824
2018-08-06,207.37834502239616
2018-08-07,205.72774565949732
2018-08-08,205.2001651257885
2018-08-09,204.2810202423407
2018-08-10,204.5227062653522
2018-08-13,201.2209277444956
2018-08-14,193.2959591223269
2018-08-15,191.36156558990479
2018-08-16,183.97798201502587
2018-08-17,189.13184895807382
2018-08-20,187.32902129815548
2018-08-21,190.62448414004578
2018-08-22,193.68673595117062
2018-08-23,190.3833028248378
2018-08-24,188.89454761816532
2018-08-27,191.59728437540483
2018-08-28,196.38123599850402
2018-08-29,198.23821996182812
2018-08-30,199.89808302509542
2018-08-31,197.322074792823
2018-09-03,198.27571323939733
2018-09-04,197.39631569142244
2018-09-05,198.88962726203764
2018-09-06,192.37721758472676
2018-09-07,190.60698540356694
2018-09-10,191.13049616132463
2018-09-11,184.3285644297697
2018-09-12,184.61170926385995
2018-09-13,180.4551651039902
2018-09-14,183.29940235371492
2018-09-17,186.01024366884815
2018-09-18,181.18433310061084
2018-09-19,175.22076855873576
2018-09-20,175.5849549429757
2018-09-21,169.60735836807564
2018-09-24,169.60735836807564
2018-09-25,173.43629862337696
2018-09-26,173.26366720394213
2018-09-27,171.874934585727
2018-09-28,174.65070043291365
2018-10-01,171.97767107827323
2018-10-02,173.5726870711969
2018-10-03,172.88784243136035
2018-10-04,169.27141814329187
2018-10-05,166.89093681257597
2018-10-08,160.2917902226351
2018-10-09,161.88834453115658
2018-10-10,161.88834453115658
2018-10-11,154.04059616400272
2018-10-12,150.65786636118986
2018-10-15,156.37236678843595
2018-10-16,156.52296280374333
2018-10-17,158.64673958992472
2018-10-18,155.45518840089136
2018-10-19,152.4649829475247
2018-10-22,153.55139905579236
2018-10-23,155.98731062363606
2018-10-24,153.4672750356246
2018-10-25,147.7506107797428
2018-10-26,152.03927337880037
2018-10-29,148.77543134105449
2018-10-30,148.91744751832923
2018-10-31,149.24258272988456
2018-11-01,152.93753616177307
2018-11-02,153.5843441048447
2018-11-05,157.74485120967944
2018-11-06,156.3023961514843
2018-11-07,151.65766990428068
2018-11-08,156.72252234634087
2018-11-09,151.06057680869588
2018-11-12,146.59873660729855
2018-11-13,142.84562147880087
2018-11-14,149.57353366151148
2018-11-15,150.12929083376514
2018-11-16,149.93892198679399
2018-11-19,148.81281245484644
2018-11-20,150.0921083567094
2018-11-21,150.99457378776705
2018-11-22,153.96295095949756
2018-11-23,152.94253220850106
2018-11-26,152.78628417423792
2018-11-27,154.2238957735957
2018-11-28,157.1801575251988
2018-11-29,162.8640769452465
2018-11-30,159.23150360340975
2018-12-03,160.56217010653748
2018-12-04,166.28838118728325
2018-12-05,157.9767977072268
2018-12-06,152.7088043251816
2018-12-07,149.66318077943762
2018-12-10,147.31554605522933
2018-12-11,148.63603733996956
2018-12-12,153.43179286256128
2018-12-13,155.6011396719485
2018-12-14,153.62701898691606
2018-12-17,153.9245914342452
2018-12-18,152.23050927142708
2018-12-19,154.38491114791557
2018-12-20,152.70898941584997
2018-12-21,150.25795288475192
2018-12-24,151.3277525999108
2018-12-25,148.23334024390397
2018-12-26,149.88824344167904
2018-12-27,150.70406730807557
2018-12-28,150.30810192653112
2018-12-31,150.30810192653112
2019-01-01,150.30810192653112
2019-01-02,151.87742881385648
2019-01-03,144.7446912454099
2019-01-04,142.98517233011674
2019-01-07,145.92379139880745
2019-01-08,148.9683857742621
2019-01-09,149.79067467670052
2019-01-10,153.92055277921716
2019-01-11,158.1351624897548
2019-01-14,159.42860718162692
2019-01-15,159.17250282910405
2019-01-16,162.2893279717893
2019-01-17,162.76050472259521
2019-01-18,161.75179088358976
2019-01-21,169.02866024873694
2019-01-22,166.01067815508162
2019-01-23,164.7601714620785
2019-01-24,165.59478740302885
2019-01-25,167.63603757352246
2019-01-28,167.73493280216138
2019-01-29,165.94247582493995
2019-01-30,168.56460771755297
2019-01-31,168.56460771755297
2019-02-01,168.56460771755297
2019-02-04,168.56460771755297
2019-02-05,168.56460771755297
2019-02-06,168.56460771755297
2019-02-07,168.56460771755297
2019-02-08,168.56460771755297
2019-02-11,171.29019495905663
2019-02-12,174.632845508809
2019-02-13,175.69421713692802
2019-02-14,173.72688044333944
2019-02-15,174.36638242371228
2019-02-18,175.06239209856307
2019-02-19,174.785167226986
2019-02-20,174.98149937999491
2019-02-21,178.28687311678516
2019-02-22,178.90198939187187
2019-02-25,184.121963092259
2019-02-26,185.96531190677564
2019-02-27,183.72993494539844
2019-02-28,183.72993494539844
2019-03-01,183.72993494539844
2019-03-04,187.70150714017907
2019-03-05,184.2664348057338
2019-03-06,185.52716854640417
2019-03-07,186.6497225274845
2019-03-08,184.26992194506587
2019-03-11,184.6726408977898
2019-03-12,187.87910422500298
2019-03-13,188.63317976192553
2019-03-14,191.75754048872966
2019-03-15,192.13325990949357
2019-03-18,191.58157698962154
2019-03-19,192.60790406441203
2019-03-20,193.5206116267613
2019-03-21,193.0440098314869
2019-03-22,195.7498156489158
2019-03-25,188.83357746747075
2019-03-26,188.71277028687146
2019-03-27,189.492800595809
2019-03-28,192.54772065610302
2019-03-29,193.50981942001656
2019-04-01,193.9986658874823
2019-04-02,192.21296362974206
2019-04-03,193.84695417053845
2019-04-04,193.84695417053845
2019-04-05,193.84695417053845
2019-04-08,197.4064870951127
2019-04-09,195.4419673608274
2019-04-10,199.56508214133126
2019-04-11,200.26408146838753
2019-04-12,196.38679290304378
2019-04-15,195.760735570168
2019-04-16,194.87892141147535
2019-04-17,197.70459813487773
2019-04-18,196.3144093338324
2019-04-19,197.24660384898283
2019-04-22,196.13133130754744
2019-04-23,194.42906019638997
2019-04-24,196.97870266194246
2019-04-25,196.72801839088908
2019-04-26,198.06297269159433
2019-04-29,197.40781505740418
2019-04-30,196.3890541621617
2019-05-01,196.3890541621617
2019-05-02,198.34428843673393
2019-05-03,197.07120597605802
2019-05-06,198.09510937515572
2019-05-07,200.0660849201436
2019-05-08,197.53860839532345
2019-05-09,198.05279332764295
2019-05-10,191.17977469308036
2019-05-13,189.2828336053965
2019-05-14,181.2495593830031
2019-05-15,184.83015988797558
2019-05-16,183.89190010148653
2019-05-17,184.29204983613928
2019-05-20,175.86721883501326
2019-05-21,176.10120467750394
2019-05-22,180.5078140570193
2019-05-23,177.00719124930245
2019-05-24,173.84690446269755
2019-05-27,172.8392948812368
2019-05-28,171.34864067544743
2019-05-29,168.68584179391667
2019-05-30,169.95298375888746
2019-05-31,170.53267210357043
2019-06-03,172.74728049064169
2019-06-04,174.49210281761324
2019-06-05,175.68434331854996
2019-06-06,164.0551238546566
2019-06-07,164.0551238546566
2019-06-10,170.54109137398856
2019-06-11,169.94680379361523
2019-06-12,171.72622676771513
2019-06-13,173.2725777139469
2019-06-14,173.0045509338379
2019-06-17,172.2408965558422
2019-06-18,175.25432829954187
2019-06-19,179.74475200808777
2019-06-20,182.20140706276408
2019-06-21,182.30073599912683
2019-06-24,179.24026022152026
2019-06-25,179.83832542263733
2019-06-26,176.14982013313139
2019-06-27,177.35541448787768
2019-06-28,180.6232762628672
2019-07-01,189.1204753213999
2019-07-02,189.789007537219
2019-07-03,186.52903453671203
2019-07-04,183.62520657753458
2019-07-05,183.11353167709038
2019-07-08,182.07657576580436
2019-07-09,183.23642575010962
2019-07-10,184.01821716464295
2019-07-11,186.98820643522302
2019-07-12,188.28903768500504
2019-07-15,185.20695347688635
2019-07-16,187.08016804286413
2019-07-17,186.9877411394703
2019-07-18,185.07155034979996
2019-07-19,186.21108020081812
2019-07-22,185.66817849996139
2019-07-23,188.23387360086247
2019-07-24,187.65690081460136
2019-07-25,187.4518046476403
2019-07-26,187.25711223057337
2019-07-29,185.25552700976937
2019-07-30,186.96747705887776
2019-07-31,183.434707758378
2019-08-01,184.21784303626237
2019-08-02,178.7930443238239
2019-08-05,175.40952374983806
2019-08-06,168.6865816505588
2019-08-07,174.80088189183448
2019-08-08,173.4910172053746
2019-08-09,173.4910172053746
2019-08-12,174.50229407329948
2019-08-13,173.59166373038778
2019-08-14,177.21526659751424
2019-08-15,172.36878683129135
2019-08-16,174.4237861244046
2019-08-19,174.3163970246607
2019-08-20,174.33178722615145
2019-08-21,175.1101520304777
2019-08-22,177.7626430939655
2019-08-23,178.07100730039636
2019-08-26,171.94251924631547
2019-08-27,173.7410059169847
2019-08-28,173.2375833550278
2019-08-29,174.93858880412822
2019-08-30,177.3957766513435
2019-09-02,178.10343742370605
2019-09-03,179.63990482018917
2019-09-04,180.06068023370236
2019-09-05,181.6672129728356
2019-09-06,184.12595768364108
2019-09-09,184.12595768364108
2019-09-10,181.07258053215182
2019-09-11,178.95017427327682
2019-09-12,183.58798850312525
2019-09-13,183.58798850312525
2019-09-16,182.21927596111686
2019-09-17,184.01373479804215
2019-09-18,184.57901555664685
2019-09-19,191.31904769430355
2019-09-20,191.08962000632772
2019-09-23,191.02666531776896
2019-09-24,191.60288987840926
2019-09-25,188.3738596974587
2019-09-26,191.39305451451514
2019-09-27,193.49856553758895
2019-09-30,193.49856553758895
2019-10-01,195.94860676356726
2019-10-02,195.5774651741495
2019-10-03,193.43720825351014
2019-10-04,195.57593191886434
2019-10-07,196.35497387088074
2019-10-08,196.40187810391797
2019-10-09,195.79900848622225
2019-10-10,195.79900848622225
2019-10-11,195.79900848622225
2019-10-14,198.17730471552636
2019-10-15,197.594203618108
2019-10-16,199.09430433779346
2019-10-17,195.9842678186845
2019-10-18,197.0297017389414
2019-10-21,196.2210324929685
2019-10-22,197.88141655435368
2019-10-23,196.95656247041663
2019-10-24,197.66885008130754
2019-10-25,199.5540424852955
2019-10-28,199.57751655578613
2019-10-29,200.10182468258606
2019-10-30,198.11260649622704
2019-10-31,199.96677116471895
2019-11-01,201.85344318467745
2019-11-04,205.0243064530042
2019-11-05,206.2922480057697
2019-11-06,208.9728826989933
2019-11-07,209.69290735283676
2019-11-08,210.24353085731974
2019-11-11,210.2398268835885
2019-11-12,207.0959831159942
2019-11-13,205.08907024227844
2019-11-14,206.99736793673767
2019-11-15,206.55267164658528
2019-11-18,207.15619458957593
2019-11-19,206.61269746507918
2019-11-20,208.3861756616709
2019-11-21,203.04310173891028
2019-11-22,202.72050125744877
2019-11-25,204.11061096191406
2019-11-26,207.04976887605628
2019-11-27,206.38651127717932
2019-11-28,208.5745383282097
2019-11-29,208.31509909337882
2019-12-02,206.499788868184
2019-12-03,205.3584052883849
2019-12-04,206.69921516885563
2019-12-05,206.530234940198
2019-12-06,213.0788533541621
2019-12-09,214.004916872297
2019-12-10,214.2214323744482
2019-12-11,212.7222545584854
2019-12-12,214.0879231667032
2019-12-13,218.6508551227803
2019-12-16,218.0161352741475
2019-12-17,218.7577445361079
2019-12-18,222.69127855495532
2019-12-19,224.54907555482825
2019-12-20,225.44379654709175
2019-12-23,223.1679287346042
2019-12-24,220.0689535530246
2019-12-25,220.00174944741386
2019-12-26,222.01575032059029
2019-12-27,222.22235926803276
2019-12-30,224.50954594904061
2019-12-31,223.05086437536747
2020-01-01,223.05086437536747
2020-01-02,225.27239381050578
2020-01-03,227.41690437161193
2020-01-06,219.09743803374622
2020-01-07,217.0788680096062
2020-01-08,213.8321518995324
2020-01-09,218.80787417353417
2020-01-10,222.5149232319423
2020-01-13,227.578499443677
2020-01-14,227.28334847275093
2020-01-15,227.95311548271957
2020-01-16,223.6734561920166
2020-01-17,226.63564249933984
2020-01-20,225.7787000111171
2020-01-21,225.7787000111171
2020-01-22,225.7787000111171
2020-01-23,225.7787000111171
2020-01-24,225.7787000111171
2020-01-27,225.7787000111171
2020-01-28,225.7787000111171
2020-01-29,225.7787000111171
2020-01-30,218.2973666483042
2020-01-31,213.95862277673214
2020-02-03,207.31789151016548
2020-02-04,218.0161352741475
2020-02-05,218.24367562118843
2020-02-06,216.03880489115812
2020-02-07,216.1218248484086
2020-02-10,210.77445952746334
2020-02-11,214.31214346204484
2020-02-12,215.04244823845065
2020-02-13,219.84098370221196
2020-02-14,219.43393127285705
2020-02-17,218.38637758761035
2020-02-18,217.46872993391386
2020-02-19,215.70942071019385
2020-02-20,219.04186276027136
2020-02-21,216.15250190423458
2020-02-24,212.7851901540951
2020-02-25,209.96953734573052
2020-02-26,209.80123089770882
2020-02-27,209.55704138230305
2020-02-28,209.55704138230305
2020-03-02,200.5549043538619
2020-03-03,207.53225994110107
2020-03-04,207.95220824650355
2020-03-05,210.1669186961894
2020-03-06,209.04036940360555
2020-03-09,203.04661853945984
2020-03-10,197.50322250444063
2020-03-11,203.0671539501268
2020-03-12,193.27175640573307
2020-03-13,169.58144557719328
2020-03-16,180.94638670707235
2020-03-17,167.16619357284233
2020-03-18,169.23605873146835
2020-03-19,160.67636447050134
2020-03-20,158.88971860068185
2020-03-23,154.4475752188235
2020-03-24,164.3316206250872
2020-03-25,174.1856216216574
2020-03-26,177.56084537506104
2020-03-27,184.56657813519848
2020-03-30,172.45113236563546
2020-03-31,178.30658828968905
2020-04-01,176.99568482807703
2020-04-02,176.99568482807703
2020-04-03,176.99568482807703
2020-04-06,179.01456138065882
2020-04-07,184.33168960104183
2020-04-08,181.91731799378687
2020-04-09,184.98510674067907
2020-04-10,180.7426149017957
2020-04-13,178.52783695532352
2020-04-14,180.06139371833024
2020-04-15,184.32127358962077
2020-04-16,181.86992746469926
2020-04-17,186.65772981059794
2020-04-20,187.05730033407406
2020-04-21,185.65710022984717
2020-04-22,179.68925993783134
2020-04-23,182.93073887727698
2020-04-24,181.68326687326237
2020-04-27,185.2372218735364
2020-04-28,189.6752263283243
2020-04-29,190.30098342895508
2020-04-30,196.52364349365234
2020-05-01,196.52364349365234
2020-05-04,191.91258794434216
2020-05-05,194.20652794351383
2020-05-06,193.35080253834627
2020-05-07,197.95594295190304
2020-05-08,200.96439752773364
2020-05-11,203.39832210540771
2020-05-12,200.1308262104891
2020-05-13,196.97459366856788
2020-05-14,199.94500292563924
2020-05-15,199.12295008678825
2020-05-18,194.56412615094865
2020-05-19,196.8330154224318
2020-05-20,195.36300993938835
2020-05-21,196.80700327425586
2020-05-22,195.501104160231
2020-05-25,193.6602120691416
2020-05-26,195.47995168335584
2020-05-27,197.69122376733895
2020-05-28,198.2338357847564
2020-05-29,193.73579116743437
2020-06-01,196.02439938759318
2020-06-02,201.66735974136665
2020-06-03,204.57088030601034
2020-06-04,209.154449209875
2020-06-05,209.82822745186942
2020-06-08,209.9027312531763
2020-06-09,212.6203683736373
2020-06-10,213.3979528193571
2020-06-11,213.89385560094092
2020-06-12,204.08434535046013
2020-06-15,207.4507855201254
2020-06-16,209.9454892411524
2020-06-17,211.67363540493713
2020-06-18,210.82664766117017
2020-06-19,209.2159333521006
2020-06-22,210.26821994781494
2020-06-23,213.68565833811857
2020-06-24,213.08247704408606
2020-06-25,213.08247704408606
2020-06-26,213.08247704408606
2020-06-29,211.30272043967733
2020-06-30,211.62135867683256
2020-07-01,214.4854112547271
2020-07-02,218.16913986206055
2020-07-03,221.3939939226423
2020-07-06,225.37205505371094
2020-07-07,229.30877103610914
2020-07-08,227.3806764252332
2020-07-09,230.0874811873144
2020-07-10,222.50382762052575
2020-07-13,219.58641239088408
2020-07-14,217.4516214253951
2020-07-15,220.51433016329395
2020-07-16,219.2744016258084
2020-07-17,218.7934916554665
2020-07-20,216.88910737329599
2020-07-21,219.30270006218734
2020-07-22,222.78687253290292
2020-07-23,222.59617970914258
2020-07-24,219.27178978433415
2020-07-27,217.64415836334229
2020-07-28,219.4297924431003
2020-07-29,218.26771654401506
2020-07-30,219.65011230780155
2020-07-31,218.68097153488472
2020-08-03,221.3667129399825
2020-08-04,220.23720243025798
2020-08-05,224.42059637575733
2020-08-06,231.09244541246065
2020-08-07,232.0914605004447
2020-08-10,226.9466829883809
2020-08-11,224.533782686506
2020-08-12,222.56999825458138
2020-08-13,223.52155954010632
2020-08-14,221.33235104229985
2020-08-17,223.29460457393103
2020-08-18,222.14660595874398
2020-08-19,219.12825204888168
2020-08-20,216.64142554146903
2020-08-21,211.42086488373425
2020-08-24,210.64910080968116
2020-08-25,213.9246579773572
2020-08-26,212.47170273138553
2020-08-27,212.24976543504366
2020-08-28,207.70491430710774
2020-08-31,209.64468763312516
2020-09-01,204.0052574508044
2020-09-02,211.30304484464685
2020-09-03,212.93753291149528
2020-09-04,208.64353839718567
2020-09-07,210.9790824189478
2020-09-08,207.1650512656387
2020-09-09,203.89006486230966
2020-09-10,205.2396620536337
2020-09-11,204.19115416857662
2020-09-14,205.92379848324524
2020-09-15,210.26522982850366
2020-09-16,211.8728031625553
2020-09-17,209.36480123169568
2020-09-18,209.07232231996497
2020-09-21,210.30032438161422
2020-09-22,208.09327456415917
2020-09-23,206.45604843996009
2020-09-24,203.36031090483374
2020-09-25,204.09409585291024
2020-09-28,199.84331220510055
2020-09-29,203.4780550197679
2020-09-30,202.40545757449402
2020-10-01,202.40545757449402
2020-10-02,202.40545757449402
2020-10-05,205.44976012560787
2020-10-06,203.1433169306541
2020-10-07,202.11588692178532
2020-10-08,205.4749958271883
2020-10-09,205.4749958271883
2020-10-12,206.20422474218876
2020-10-13,203.65475290648791
2020-10-14,201.0844376622414
2020-10-15,200.9802177001019
2020-10-16,200.56066363198417
2020-10-19,200.51762771606445
2020-10-20,202.22279719917142
2020-10-21,204.23847338618066
2020-10-22,203.8721734650281
2020-10-23,205.42171345924845
2020-10-26,205.71405175267432
2020-10-27,202.92595339794548
2020-10-28,203.5640765598842
2020-10-29,198.93621096319083
2020-10-30,198.7835485302672
2020-11-02,199.28585959453972
2020-11-03,199.24086438393107
2020-11-04,202.71244936573262
2020-11-05,203.72668318845788
2020-11-06,205.850905418396
2020-11-09,211.24323262973707
2020-11-10,212.9533778793958
2020-11-11,212.26789455024564
2020-11-12,215.0321906537426
2020-11-13,212.30488866689254
2020-11-16,217.58875726193799
2020-11-17,219.72971143527906
2020-11-18,219.86434992965386
2020-11-19,225.25140530722481
2020-11-20,224.32899772877596
2020-11-23,224.7150805142461
2020-11-24,226.01897893633162
2020-11-25,223.90369530113375
2020-11-26,220.70659185915576
2020-11-27,221.59349361731083
2020-11-30,222.42618765149797
2020-12-01,219.88681610263123
2020-12-02,223.5267363373114
2020-12-03,222.95104118269316
2020-12-04,225.2789812671895
2020-12-07,227.31587271787683
2020-12-08,225.23811517442977
2020-12-09,228.55745769033626
2020-12-10,229.5091619880832
2020-12-11,229.58665145173364
2020-12-14,226.29711505344935
2020-12-15,224.0510133237255
2020-12-16,225.7691212478949
2020-12-17,228.2961660891163
2020-12-18,225.44402157530493
2020-12-21,226.0340102254128
2020-12-22,227.3770034556486
2020-12-23,223.99726811233833
2020-12-24,225.97112700403954
2020-12-25,227.05452638742875
2020-12-28,226.87278823463285
2020-12-29,227.94677973766716
2020-12-30,227.292952284521
2020-12-31,231.17509799100915
2021-01-01,231.17509799100915
2021-01-04,230.48428642506502
2021-01-05,236.0423291654003
2021-01-06,236.36979498182023
2021-01-07,233.60887714308134
2021-01-08,237.90417085375105
2021-01-11,240.19003465224284
2021-01-12,241.51068812000509
2021-01-13,242.47982809494954
2021-01-14,243.1307453817251
2021-01-15,245.37081916964783
2021-01-18,240.5113275294401
2021-01-19,240.79443295147954
2021-01-20,245.05400486381686
2021-01-21,242.05513234041175
2021-01-22,245.58638911344568
2021-01-25,248.2089139004143
2021-01-26,249.8431155341012
2021-01-27,246.07686217950314
2021-01-28,240.93743575349146
2021-01-29,244.1036038301429
2021-02-01,235.67425134230632
2021-02-02,240.19887371452486
2021-02-03,246.30936476649072
2021-02-04,243.38701649101412
2021-02-05,245.21305422880212
2021-02-08,245.21305422880212
2021-02-09,245.21305422880212
2021-02-10,245.21305422880212
2021-02-11,245.21305422880212
2021-02-12,245.21305422880212
2021-02-15,245.21305422880212
2021-02-16,245.21305422880212
2021-02-17,253.14358483528605
2021-02-18,255.786006343608
2021-02-19,257.6428485987138
2021-02-22,262.07608370878256
2021-02-23,260.80422691423064
2021-02-24,261.7365049050779
2021-02-25,262.27494549264713
2021-02-26,253.07206681309913
2021-03-01,253.07206681309913
2021-03-02,256.06932285853793
2021-03-03,253.8539602513216
2021-03-04,254.37916115352087
2021-03-05,245.07302114914876
2021-03-08,252.73056230739672
2021-03-09,248.4059323680644
2021-03-10,252.6488937066526
2021-03-11,250.96700329683264
2021-03-12,256.929226816917
2021-03-15,254.38898779421436
2021-03-16,255.28007472291284
2021-03-17,255.04893400231185
2021-03-18,256.888464499493
2021-03-19,255.48958291812818
2021-03-22,254.2033999306815
2021-03-23,253.21840011830233
2021-03-24,250.09389326523763
2021-03-25,250.2736406715549
2021-03-26,254.9948911082988
2021-03-29,258.63105330175284
2021-03-30,258.316753173361
2021-03-31,258.2714124017832
2021-04-01,258.7335322633082
2021-04-02,258.7335322633082
2021-04-05,258.7335322633082
2021-04-06,258.7335322633082
2021-04-07,258.2928511366552
2021-04-08,257.23656979385686
2021-04-09,260.66390668129435
2021-04-12,255.83526852666114
2021-04-13,251.63731571119658
2021-04-14,249.63780523806201
2021-04-15,248.84872041429793
2021-04-16,250.68175742090966
2021-04-19,253.64654788192436
2021-04-20,252.3246119752222
2021-04-21,253.10418222388444
2021-04-22,251.45681353977747
2021-04-23,248.86878858293807
2021-04-26,254.9463601988189
2021-04-27,258.49707827276114
2021-04-28,256.6616741491824
2021-04-29,262.0618520074961
2021-04-30,262.0618520074961
2021-05-03,261.35095761746777
2021-05-04,255.17435274318774
2021-05-05,250.71897792816162
2021-05-06,245.02244275929976
2021-05-07,248.6626683643886
2021-05-10,251.09395420308016
2021-05-11,239.18482833005945
2021-05-12,232.40230402654532
2021-05-13,228.26014781484798
2021-05-14,231.46337927604208
2021-05-17,222.5948868965616
2021-05-18,231.04203500553052
2021-05-19,236.49110402866285
2021-05-20,233.4079422464176
2021-05-21,236.8388295465586
2021-05-24,235.4494418903273
2021-05-25,240.56508235542142
2021-05-26,243.53734919489648
2021-05-27,239.73631769297074
2021-05-28,241.32789777249707
2021-05-31,244.2294337798138
2021-06-01,250.73998690624626
2021-06-02,251.03367531056307
2021-06-03,249.54945542861003
2021-06-04,246.76841926574707
2021-06-07,248.15594642016353
2021-06-08,249.20091115211955
2021-06-09,247.06910890462447
2021-06-10,246.62797312833825
2021-06-11,251.3906341669511
2021-06-14,251.3906341669511
2021-06-15,251.3949973047996
2021-06-16,251.02385594893474
2021-06-17,249.2369913957557
2021-06-18,251.50789823337476
2021-06-21,249.38761678033944
2021-06-22,248.89820702221928
2021-06-23,248.26173408664002
2021-06-24,252.99015381871436
2021-06-25,256.32950193054825
2021-06-28,257.92575351559384
2021-06-29,258.07969196475284
2021-06-30,259.1827431698235
2021-07-01,261.1241568740533
2021-07-02,260.58763554631446
2021-07-05,262.8127856935774
2021-07-06,266.18098513934075
2021-07-07,263.18619636613494
2021-07-08,262.2661362278218
2021-07-09,256.99958129804963
2021-07-12,259.8972564619415
2021-07-13,260.0811297163671
2021-07-14,257.600371574869
2021-07-15,258.7056119101388
2021-07-16,259.9658487670276
2021-07-19,261.2564283293121
2021-07-20,259.1570196540988
2021-07-21,259.290915547585
2021-07-22,260.3516747027027
2021-07-23,260.90196887814267
2021-07-26,257.69590157878645
2021-07-27,255.62412051765287
2021-07-28,252.06914687643246
2021-07-29,251.9625248811683
2021-07-30,252.998233269672
2021-08-02,250.35029366551612
2021-08-03,252.55099845419124
2021-08-04,252.682996594176
2021-08-05,252.27128957242383
2021-08-06,252.22584321547527
2021-08-09,248.80080544218725
2021-08-10,247.2326111501577
2021-08-11,244.38548590212451
2021-08-12,244.32038719800053
2021-08-13,242.99216537086332
2021-08-16,238.9088873960534
2021-08-17,237.5250565275854
2021-08-18,232.54200592819527
2021-08-19,238.50024706003617
2021-08-20,235.61457363440067
2021-08-23,236.44588758507552
2021-08-24,241.35848129038908
2021-08-25,239.46070266256527
2021-08-26,241.71715757798177
2021-08-27,236.57933896901656
2021-08-30,239.39427379686006
2021-08-31,239.97571367147017
2021-09-01,241.2269409140762
2021-09-02,243.60574763161796
2021-09-03,243.94805263986393
2021-09-06,244.14662051687435
2021-09-07,242.72995837853878
2021-09-08,242.3039344086939
2021-09-09,238.58001255502506
2021-09-10,240.44992207507698
2021-09-13,242.51622441350196
2021-09-14,243.38100805087964
2021-09-15,240.73975033662757
2021-09-16,241.76382027840128
2021-09-17,240.1146759500309
2021-09-20,240.1146759500309
2021-09-21,240.1146759500309
2021-09-22,233.85788847475635
2021-09-23,237.02844230496154
2021-09-24,239.73154827040068
2021-09-27,237.84602159383346
2021-09-28,235.46985678770105
2021-09-29,230.5851284143876
2021-09-30,228.75123623439245
2021-10-01,229.2171413655184
2021-10-04,225.02100041447852
2021-10-05,216.48775618416923
2021-10-06,221.26896827074947
2021-10-07,222.41882098450952
2021-10-08,225.52982480185372
2021-10-11,225.52982480185372
2021-10-12,220.4327961084794
2021-10-13,221.0922134555116
2021-10-14,221.25636892902608
2021-10-15,219.8607759475708
2021-10-18,222.09843892467265
2021-10-19,222.72082908786072
2021-10-20,225.62717817267594
2021-10-21,225.72193873658472
2021-10-22,225.739612482032
2021-10-25,225.0646489785642
2021-10-26,230.57348671737984
2021-10-27,231.44880417415075
2021-10-28,231.87253866390307
2021-10-29,231.0689469746181
2021-11-01,233.23222497044776
2021-11-02,235.96685816317188
2021-11-03,233.95674512824235
2021-11-04,236.86634410157495
2021-11-05,235.29659872638936
2021-11-08,236.4628020306023
2021-11-09,239.0357938883256
2021-11-10,238.6020637434356
2021-11-11,237.58411399685608
2021-11-12,239.99715565661995
2021-11-15,243.68974553322306
2021-11-16,243.83328334652649
2021-11-17,244.57568627960828
2021-11-18,245.1574645139733
2021-11-19,247.28057898307333
2021-11-22,246.7985378771412
2021-11-23,244.52208104425546
2021-11-24,241.97600606023047
2021-11-25,240.08609937161816
2021-11-26,235.90832192557198
2021-11-29,233.044784429122
2021-11-30,238.18802851073596
2021-12-01,235.64640987162687
2021-12-02,238.13226215206848
2021-12-03,241.16918976452885
2021-12-06,241.4356738109978
2021-12-07,242.13418974195207
2021-12-08,246.61048130113252
2021-12-09,245.50453005031665
2021-12-10,243.26046069787472
2021-12-13,244.11222742041764
2021-12-14,241.4805343978259
2021-12-15,239.87342118243782
2021-12-16,243.79445068203674
2021-12-17,242.45461366614518
2021-12-20,246.25073329769836
2021-12-21,247.8959736726722
2021-12-22,252.2180279323033
2021-12-23,255.50046190923575
2021-12-24,256.5876845924222
2021-12-27,255.89064578620756
2021-12-28,259.6825849766634
2021-12-29,258.9175471091757
2021-12-30,258.7951174950113
2021-12-31,258.7951174950113
2022-01-03,262.3583324004193
2022-01-04,261.27472433751944
2022-01-05,264.2326548829371
2022-01-06,260.75810498607404
2022-01-07,261.2235091073172
2022-01-10,253.7669544414598
2022-01-11,255.7787053439082
2022-01-12,257.0581755151554
2022-01-13,254.13690635136194
2022-01-14,248.9518816811698
2022-01-17,245.0869640428193
2022-01-18,246.99029498197595
2022-01-19,246.01897782695536
2022-01-20,245.45495909087512
2022-01-21,243.21651285521838
2022-01-24,240.72566894609102
2022-01-25,239.55183784329162
2022-01-26,238.42686577232516
2022-01-27,238.42686577232516
2022-01-28,238.42686577232516
2022-01-31,238.42686577232516
2022-02-01,238.42686577232516
2022-02-02,238.42686577232516
2022-02-03,238.42686577232516
2022-02-04,238.42686577232516
2022-02-07,239.60718250274658
2022-02-08,241.20312250876913
2022-02-09,244.05805657834424
2022-02-10,247.7940574568145
2022-02-11,247.91287340436662
2022-02-14,247.90112121737732
2022-02-15,245.09369192318042
2022-02-16,248.7407681601388
2022-02-17,251.1809510990065
2022-02-18,248.4183738474943
2022-02-21,249.75649526167888
2022-02-22,247.85640124885404
2022-02-23,246.41908879182776
2022-02-24,243.19534788326342
2022-02-25,242.5801729085494
2022-02-28,242.5801729085494
2022-03-01,244.3279758375518
2022-03-02,247.11002805281657
2022-03-03,249.32414187217245
2022-03-04,245.91832180412447
2022-03-07,240.90130621073197
2022-03-08,230.06538015482377
2022-03-09,233.72135752074573
2022-03-10,235.9842479083003
2022-03-11,238.17055729457311
2022-03-14,238.05716989478287
2022-03-15,233.77183768214013
2022-03-16,230.7340273759803
2022-03-17,233.28709520612443
2022-03-18,234.6024211572141
2022-03-21,234.40340380765954
2022-03-22,234.11958036617358
2022-03-23,235.79387544125927
2022-03-24,235.6962068129559
2022-03-25,236.7389162413928
2022-03-28,231.79540038595394
2022-03-29,233.00472956287618
2022-03-30,233.8065187493149
2022-03-31,235.0752612911925
2022-04-01,231.91704956366092
2022-04-04,231.91704956366092
2022-04-05,231.91704956366092
2022-04-06,230.06859176012935
2022-04-07,227.65598974422534
2022-04-08,225.55566783827177
2022-04-11,222.512595235085
2022-04-12,217.35879107883997
2022-04-13,219.90851359464685
2022-04-14,223.07674696007552
2022-04-15,220.67201349686604
2022-04-18,215.685246642755
2022-04-19,219.10681339186064
2022-04-20,220.4297057560512
2022-04-21,222.1415318469612
2022-04-22,218.79284457771146
2022-04-25,212.99431232530245
2022-04-26,215.03070317482462
2022-04-27,207.91145402557996
2022-04-28,212.6289493405089
2022-04-29,217.54106478788415
2022-05-02,217.54106478788415
2022-05-03,217.14923208587024
2022-05-04,218.62874786221252
2022-05-05,220.76608245226802
2022-05-06,213.08526303816814
2022-05-09,210.379511074144
2022-05-10,205.46530715786682
2022-05-11,210.45894519650207
2022-05-12,210.35179289992973
2022-05-13,211.10755332635372
2022-05-16,213.89100207114706
2022-05-17,211.64898119167407
2022-05-18,214.40840376639852
2022-05-19,211.5437729115389
2022-05-20,214.68263441202592
2022-05-23,215.042006998646
2022-05-24,213.49421333780094
2022-05-25,211.05696504943225
2022-05-26,213.262341168462
2022-05-27,212.12512125287736
2022-05-30,217.50281520765654
2022-05-31,219.54705985711544
2022-06-01,221.81451260313696
2022-06-02,220.22297193566146
2022-06-03,220.22297193566146
2022-06-06,222.131005092543
2022-06-07,222.4085422827273
2022-06-08,224.29462792922038
2022-06-09,224.3085579969445
2022-06-10,221.90511355108146
2022-06-13,217.7729608574692
2022-06-14,214.93694420250094
2022-06-15,215.42763044396224
2022-06-16,218.60081653205717
2022-06-17,208.64839935302734
2022-06-20,208.2212000671698
2022-06-21,207.4438318525042
2022-06-22,208.51870336337964
2022-06-23,202.40664906404456
2022-06-24,202.619305591194
2022-06-27,206.71662091235726
2022-06-28,207.63957837163184
2022-06-29,202.0259772320183
2022-06-30,201.3363912154217
2022-07-01,198.35354711571517
2022-07-04,193.08483762157206
2022-07-05,196.75259014051787
2022-07-06,192.25770952263656
2022-07-07,190.44944315540548
2022-07-08,199.04208037318017
2022-07-11,198.5544903618949
2022-07-12,190.89135199177022
2022-07-13,193.50436897667086
2022-07-14,189.96369852338518
2022-07-15,195.4097164893637
2022-07-18,198.40160761074145
2022-07-19,199.34462422740702
2022-07-20,202.46584014503324
2022-07-21,200.39002266708687
2022-07-22,203.65569391055982
2022-07-25,200.72421881617333
2022-07-26,200.80346171709957
2022-07-27,198.847476998154
2022-07-28,203.687970161438
2022-07-29,202.86139597211564
2022-08-01,203.26435201995227
2022-08-02,200.17201176468208
2022-08-03,200.64725233584034
2022-08-04,200.43218756695182
2022-08-05,200.89693536563794
2022-08-08,202.0040725007349
2022-08-09,202.26221621766382
2022-08-10,201.96014540536063
2022-08-11,205.29268716306103
2022-08-12,204.60425631854
2022-08-15,207.26809135748417
2022-08-16,208.31202345478292
2022-08-17,208.46285364579182
2022-08-18,206.61931057365572
2022-08-19,207.85919563137756
2022-08-22,205.51641623827877
2022-08-23,201.00974232809884
2022-08-24,202.35658102619405
2022-08-25,201.66693253419837
2022-08-26,205.7472627016963
2022-08-29,198.17631933640462
2022-08-30,200.51317283085413
2022-08-31,201.13879022792895
2022-09-01,200.1783026286534
2022-09-02,198.93734805437984
2022-09-05,199.3217963588481
2022-09-06,199.28030913216728
2022-09-07,195.3535216195243
2022-09-08,198.73637894221716
2022-09-09,198.73637894221716
2022-09-12,202.33800582496488
2022-09-13,204.21269346743213
2022-09-14,196.56744565769117
2022-09-15,200.2503867830549
2022-09-16,198.7645204115887
2022-09-19,198.24856577114184
2022-09-20,197.78835973934252
2022-09-21,196.98506199583716
2022-09-22,194.04681548293755
2022-09-23,194.8735596987666
2022-09-26,190.77092970633993
2022-09-27,189.22866307472697
2022-09-28,188.97350122490707
2022-09-29,184.1817553578591
2022-09-30,178.31996292970618
2022-10-03,178.91090823192985
2022-10-04,183.40342103218546
2022-10-05,188.8877463827328
2022-10-06,188.72754361678142
2022-10-07,189.3610233384736
2022-10-10,189.3610233384736
2022-10-11,180.80789077525236
2022-10-12,177.33865294164542
2022-10-13,177.80942934386584
2022-10-14,179.58892684080163
2022-10-17,174.75401236086475
2022-10-18,180.3875251886796
2022-10-19,178.05998977349728
2022-10-20,175.2638554281118
2022-10-21,176.79705002843116
2022-10-24,176.78862211655598
2022-10-25,174.56179087502616
2022-10-26,172.8441946263216
2022-10-27,175.744074607382
2022-10-28,177.12510696722538
2022-10-31,178.50742057878145
2022-11-01,179.86508628300257
2022-11-02,182.20680916066073
2022-11-03,180.1638481179062
2022-11-04,181.41100939925835
2022-11-07,186.54349327087402
2022-11-08,190.53178452472298
2022-11-09,191.32854230063302
2022-11-10,193.18460528704585
2022-11-11,201.05360180991036
2022-11-14,202.3991115141888
2022-11-15,204.28939402833277
2022-11-16,207.63568198924162
2022-11-17,207.78662621245093
2022-11-18,211.12800047348958
2022-11-21,209.04026566719523
2022-11-22,209.01932737778645
2022-11-23,211.1495062964303
2022-11-24,212.36042328270113
2022-11-25,214.8965356398602
2022-11-28,209.08402404006645
2022-11-29,209.7576654589906
2022-11-30,212.79429285866874
2022-12-01,219.01415289664754
2022-12-02,215.88979536173295
2022-12-05,217.34231800935706
2022-12-06,216.4664010612332
2022-12-07,214.17501825215865
2022-12-08,211.92370765063228
2022-12-09,213.25675859256665
2022-12-12,210.17946447644914
2022-12-13,211.14303752354212
2022-12-14,210.63621402273372
2022-12-15,212.62344185186893
2022-12-16,207.90051651000977
2022-12-19,207.79587998682138
2022-12-20,208.41823900962362
2022-12-21,204.96916366110042
2022-12-22,206.48777177382487
2022-12-23,202.43531499590193
2022-12-26,204.47348030246033
2022-12-27,204.15102417614995
2022-12-28,203.25689701158174
2022-12-29,198.69465008560493
2022-12-30,201.98575377950863
2023-01-02,201.98575377950863
2023-01-03,200.21652087386772
2023-01-04,203.28442517105415
2023-01-05,206.06883739938542
2023-01-06,204.28486234314587
2023-01-09,211.47784546443395
2023-01-10,213.8192335829443
2023-01-11,214.1684556104699
2023-01-12,212.8061106350957
2023-01-13,212.62364665829406
2023-01-16,209.77046032341158
2023-01-17,211.52776696730632
2023-01-18,211.52776696730632
2023-01-19,211.52776696730632
2023-01-20,211.52776696730632
2023-01-23,211.52776696730632
2023-01-24,211.52776696730632
2023-01-25,211.52776696730632
2023-01-26,211.52776696730632
2023-01-27,211.52776696730632
2023-01-30,218.74617422843465
2023-01-31,216.78095235629957
2023-02-01,216.4198320155241
2023-02-02,221.6729054353675
2023-02-03,221.70433546572315
2023-02-06,221.87786723156364
2023-02-07,221.57734043744145
2023-02-08,223.71466807929838
2023-02-09,224.7320465749624
2023-02-10,224.63390813555037
2023-02-13,223.9083932954438
2023-02-14,223.48923258878747
2023-02-15,222.69854668208532
2023-02-16,223.56260231563024
2023-02-17,222.9817755368291
2023-02-20,222.2122604019788
2023-02-21,223.8510249390894
2023-02-22,223.45519795709725
2023-02-23,223.66109398433142
2023-02-24,226.95137872501294
2023-02-27,226.95137872501294
2023-02-28,226.95137872501294
2023-03-01,222.35219406595036
2023-03-02,226.7262571685168
2023-03-03,227.82596564779476
2023-03-06,229.93081164846615
2023-03-07,233.86231782485027
2023-03-08,233.43441935947962
2023-03-09,235.78188913695666
2023-03-10,230.62657416596704
2023-03-13,228.07830872827645
2023-03-14,227.2679817044005
2023-03-15,228.46499999688595
2023-03-16,226.2884667649561
2023-03-17,230.33353278101708
2023-03-20,231.98374987621696
2023-03-21,233.58808723761112
2023-03-22,236.50646127973283
2023-03-23,236.69540224269946
2023-03-24,239.24389915077055
2023-03-27,238.45133226744983
2023-03-28,237.3079475480683
2023-03-29,235.17252762463627
2023-03-30,235.71400986885538
2023-03-31,235.4403163170328
2023-04-03,235.4403163170328
2023-04-04,235.4403163170328
2023-04-05,235.4403163170328
2023-04-06,234.51555767837837
2023-04-07,233.70466308204496
2023-04-10,234.0777621561167
2023-04-11,237.573166321735
2023-04-12,238.77455388283244
2023-04-13,238.78263999004753
2023-04-14,236.96035774386658
2023-04-17,236.2287111476976
2023-04-18,237.8943396003879
2023-04-19,234.8710235089672
2023-04-20,231.73861180519572
2023-04-21,231.3458532411225
2023-04-24,225.68714280031165
2023-04-25,228.22018208795663
2023-04-26,220.34860525325854
2023-04-27,224.38908516630835
2023-04-28,227.2470546644561
2023-05-01,227.2470546644561
2023-05-02,226.3160940092437
2023-05-03,226.66408854114766
2023-05-04,226.31609422333386
2023-05-05,227.83725909797514
2023-05-08,229.59069888445796
2023-05-09,229.2606771040936
2023-05-10,228.93198293569137
2023-05-11,229.61116872514998
2023-05-12,228.6807092744477
2023-05-15,230.572716537787
2023-05-16,235.0329134804862
2023-05-17,238.33369741634448
2023-05-18,242.10745566231864
2023-05-19,244.55438598321408
2023-05-22,246.48906355488057
2023-05-23,245.2722840017202
2023-05-24,244.36442470550537
2023-05-25,246.41656616755895
2023-05-26,246.46791968053702
2023-05-29,248.5898558168995
2023-05-30,253.1119503488346
2023-05-31,252.1292688603304
2023-06-01,248.7145806915906
2023-06-02,251.06329575363472
2023-06-05,252.73637018398364
2023-06-06,252.36701426214103
2023-06-07,252.26546030628438
2023-06-08,253.2273571637212
2023-06-09,251.48390261980953
2023-06-12,253.0767037138647
2023-06-13,255.63835412628796
2023-06-14,257.996819554543
2023-06-15,260.67892440484496
2023-06-16,261.23052861739177
2023-06-19,259.07628588773764
2023-06-20,258.1527213077156
2023-06-21,256.6299401302727
2023-06-22,256.6299401302727
2023-06-23,256.6299401302727
2023-06-26,251.81885160718645
2023-06-27,253.33042354972994
2023-06-28,252.93388530186243
2023-06-29,253.08297717814543
2023-06-30,250.09843205432503
2023-07-03,252.83026506462875
2023-07-04,255.68309990240604
2023-07-05,255.63215970019905
2023-07-06,252.87913116143673
2023-07-07,254.5025320247728
2023-07-10,254.274837454971
2023-07-11,255.90008317207804
2023-07-12,256.17102142256135
2023-07-13,261.0652034720596
2023-07-14,262.8822159669837
2023-07-17,262.48916684364787
2023-07-18,261.76347386107153
2023-07-19,262.5453550572298
2023-07-20,262.4866683142526
2023-07-21,259.08971938308406
2023-07-24,263.8349875236044
2023-07-25,266.415156208739
2023-07-26,266.2819986343384
2023-07-27,264.3827983700499
2023-07-28,261.4417217994223
2023-07-31,265.20584304965274
2023-08-01,261.11846775911295
2023-08-02,260.788038643039
2023-08-03,260.788038643039
2023-08-04,253.93498957886987
2023-08-07,254.68959839489995
2023-08-08,261.4838673533226
2023-08-09,257.0005672999791
2023-08-10,254.56266938423624
2023-08-11,250.94588962866337
2023-08-14,247.74976718669035
2023-08-15,250.3793388288848
2023-08-16,246.76785079800354
2023-08-17,246.35487867861377
2023-08-18,250.34690561099927
2023-08-21,254.16214699647864
2023-08-22,259.4979200363159
2023-08-23,258.91365430792985
2023-08-24,264.47520438992245
2023-08-25,259.906159848583
2023-08-28,260.4388873041893
2023-08-29,260.9304433744781
2023-08-30,266.26785426237143
2023-08-31,265.309844075417
2023-09-01,264.3719201769148
2023-09-04,264.17533343178883
2023-09-05,267.6008596225661
2023-09-06,269.8012547784922
2023-09-07,265.83799194803044
2023-09-08,262.676755554822
2023-09-11,261.6220357466717
2023-09-12,259.95684721031967
2023-09-13,263.82553316622364
2023-09-14,267.5974839268898
2023-09-15,271.42211108305014
2023-09-18,268.822308034313
2023-09-19,272.1978254902119
2023-09-20,270.5190056976007
2023-09-21,262.0956030086595
2023-09-22,257.88277970528117
2023-09-25,265.22152009302255
2023-09-26,268.20577781054436
2023-09-27,266.0874920085985
2023-09-28,268.29992239815846
2023-09-29,268.29992239815846
2023-10-02,271.27865499379686
2023-10-03,272.1224079715962
2023-10-04,268.15293658509546
2023-10-05,271.47591154915943
2023-10-06,274.6960290208155
2023-10-09,274.6960290208155
2023-10-10,274.6960290208155
2023-10-11,277.51371588025773
2023-10-12,277.2277292329438
2023-10-13,276.32073482202026
2023-10-16,277.1452081446745
2023-10-17,277.81469613678604
2023-10-18,269.26741753792277
2023-10-19,263.79867300695304
2023-10-20,265.3547191619873
2023-10-23,264.7219116833745
2023-10-24,262.6243895121983
2023-10-25,265.1597340058307
2023-10-26,260.66204185875097
2023-10-27,262.42911122769726
2023-10-30,266.18889935162605
2023-10-31,270.6505505698068
2023-11-01,267.8987456730434
2023-11-02,271.2879937230324
2023-11-03,274.34313758538696
2023-11-06,279.72316776976294
2023-11-07,280.8873898642404
2023-11-08,282.69359430974845
2023-11-09,284.1868180839383
2023-11-10,286.1545327050345
2023-11-13,289.35373362716365
2023-11-14,291.27238444892726
2023-11-15,294.1416671130122
2023-11-16,288.44937427676456
2023-11-17,287.3203699734746
2023-11-20,292.1761186560806
2023-11-21,294.5309853261831
2023-11-22,293.0178805176093
2023-11-23,295.9550668366101
2023-11-24,294.4444231111176
2023-11-27,293.06260284112426
2023-11-28,290.2136555107272
2023-11-29,296.1335661557256
2023-11-30,298.5311140527531
2023-12-01,296.12504320728533
2023-12-04,296.49850718829094
2023-12-05,294.41318945982016
2023-12-06,298.5863850068073
2023-12-07,296.58851652729265
2023-12-08,301.11171313694547
2023-12-11,300.3433170707858
2023-12-12,305.56543498136557
2023-12-13,305.5144010271345
2023-12-14,314.08944941540153
2023-12-15,314.692728081528
2023-12-18,311.1812898285535
2023-12-19,309.49480152130127
2023-12-20,310.08226056001627
2023-12-21,306.2507594556225
2023-12-22,308.7416252019454
2023-12-25,310.6936842081498
2023-12-26,314.6070516547378
2023-12-27,316.5305394542461
2023-12-28,316.44581658499584
2023-12-29,314.07715805209415
2024-01-01,314.07715805209415
2024-01-02,316.7543110555532
2024-01-03,310.95109305089835
2024-01-04,309.0684299274367
2024-01-05,305.319581810309
2024-01-08,305.9736865296656
2024-01-09,308.7711043455163
2024-01-10,307.60054708986866
2024-01-11,311.42744642374464
2024-01-12,311.50730207015056
2024-01-15,314.9520324590255
2024-01-16,309.541734812211
2024-01-17,305.5791878213688
2024-01-18,302.09883432972185
2024-01-19,308.4284796617469
2024-01-22,311.3009129543694
2024-01-23,312.4864740760959
2024-01-24,312.68354884945614
2024-01-25,312.32716988544075
2024-01-26,310.7907391372992
2024-01-29,313.48593717691847
2024-01-30,314.2924585731662
2024-01-31,312.8765765598842
2024-02-01,314.53563437169913
2024-02-02,317.07217080252514
2024-02-05,315.67736501109846
2024-02-06,315.67736501109846
2024-02-07,315.67736501109846
2024-02-08,315.67736501109846
2024-02-09,315.67736501109846
2024-02-12,315.67736501109846
2024-02-13,315.67736501109846
2024-02-14,315.67736501109846
2024-02-15,325.7250684232128
2024-02-16,327.88267347763997
2024-02-19,324.3772392662204
2024-02-20,324.16053699960514
2024-02-21,327.11208026263176
2024-02-22,329.7071533981635
2024-02-23,332.7096380895498
2024-02-26,327.90379380206673
2024-02-27,331.71009896726025
2024-02-28,331.71009896726025
2024-02-29,330.1601205942582
2024-03-01,341.57091985430037
2024-03-04,344.58307612672144
2024-03-05,338.6090569982723
2024-03-06,336.3374678747995
2024-03-07,338.7305256590551
2024-03-08,336.08347246598225
2024-03-11,330.53464453560963
2024-03-12,329.78195497941
2024-03-13,328.0805802053335
2024-03-14,322.8218626489445
2024-03-15,325.47190522174446
2024-03-18,324.8658583504813
2024-03-19,325.0198373405301
2024-03-20,319.0355193858244
2024-03-21,324.2161420121485
2024-03-22,322.9659268515451
2024-03-25,324.97317312201676
2024-03-26,325.2985942023141
2024-03-27,319.7388298268221
2024-03-28,317.870717126496
2024-03-29,317.1740033091331
2024-04-01,324.8500145503453
2024-04-02,325.30883619736653
2024-04-03,322.198741367885
2024-04-04,322.198741367885
2024-04-05,322.198741367885
2024-04-08,322.87942436763217
2024-04-09,319.46970700244515
2024-04-10,318.91797310965404
2024-04-11,317.4791125472711
2024-04-12,317.7409853059418
2024-04-15,310.24076526019036
2024-04-16,300.55160325887255
2024-04-17,301.1450600526771
2024-04-18,298.97533264938664
2024-04-19,299.8159753838364
2024-04-22,292.24739672213184
2024-04-23,292.99682087800943
2024-04-24,299.023360583247
2024-04-25,299.2307309520488
2024-04-26,298.72736934739714
2024-04-29,310.21440992549975
2024-04-30,307.89402969516055
2024-05-01,307.89402969516055
2024-05-02,306.1526810198414
2024-05-03,310.7951993942261
2024-05-06,309.82914305706413
2024-05-07,304.67887152457723
2024-05-08,303.36395314275
2024-05-09,303.86328307949765
2024-05-10,301.3425096784319
2024-05-13,301.1188214749706
2024-05-14,302.1233569943175
2024-05-15,314.77786155622834
2024-05-16,314.66806113963224
2024-05-17,312.47381350458886
2024-05-20,314.5058834504108
2024-05-21,313.8628253158258
2024-05-22,309.32325548055223
2024-05-23,310.6223422264566
2024-05-24,307.0778420506691
2024-05-27,313.65752780680754
2024-05-28,318.21618177452865
2024-05-29,318.4404706371074
2024-05-30,312.2576637657321
2024-05-31,316.53092193603516
2024-06-03,315.4111966113655
2024-06-04,314.65304022419207
2024-06-05,313.21817551826945
2024-06-06,318.59144598123976
2024-06-07,318.52370873276067
2024-06-10,318.52370873276067
2024-06-11,315.8181847163609
2024-06-12,309.9190241560644
2024-06-13,318.07316312984545
2024-06-14,319.84092443816513
2024-06-17,322.21733276211484
2024-06-18,327.3416057119564
2024-06-19,330.2071684039369
2024-06-20,333.1950987601767
2024-06-21,331.2910395447089
2024-06-24,329.00218060551856
2024-06-25,324.4984311473613
2024-06-26,328.2192097294087
2024-06-27,321.9368983482828
2024-06-28,321.8738327026367
2024-07-01,323.5935677314291
2024-07-02,321.5448428562709
2024-07-03,322.52962602887834
2024-07-04,324.42454832427353
2024-07-05,331.40355581166796
2024-07-08,329.7498645003961
2024-07-09,335.0662188627282
2024-07-10,342.3655051406549
2024-07-11,344.65834971836637
2024-07-12,340.433613524145
2024-07-15,344.6639666265371
2024-07-16,344.1149628697609
2024-07-17,342.1874931880406
2024-07-18,332.47707662777026
2024-07-19,332.2203575445681
2024-07-22,325.55854941387565
2024-07-23,326.5001592441481
2024-07-24,326.5001592441481
2024-07-25,326.5001592441481
2024-07-26,313.57303860722755
2024-07-29,319.966198590337
2024-07-30,311.20261157288843
2024-07-31,312.97383127407153
2024-08-01,320.33632122740454
2024-08-02,308.4997562291671
2024-08-05,285.9101932292082
2024-08-06,289.9154114625892
2024-08-07,285.10072700344784
2024-08-08,292.55250378044286
2024-08-09,301.5668140917408
2024-08-12,302.4640427414252
2024-08-13,305.372653786017
2024-08-14,310.95541848941724
2024-08-15,309.9230012309795
2024-08-16,312.134499452552
2024-08-19,314.7039571489607
2024-08-20,319.89640294289103
2024-08-21,319.45099184464436
2024-08-22,319.6703595920485
2024-08-23,318.51477163665146
2024-08-26,324.65641414875887
2024-08-27,319.48490722811954
2024-08-28,325.0810685838972
2024-08-29,318.4053658076695
2024-08-30,329.723586569027
2024-09-02,327.87321394317
2024-09-03,325.6965376795555
2024-09-04,305.0578604328389
2024-09-05,307.9579205415687
2024-09-06,301.70631696739974
2024-09-09,297.77551030139534
2024-09-10,300.59795924595426
2024-09-11,296.0112245131512
2024-09-12,303.22448977645564
2024-09-13,306.15816326530614
2024-09-16,303.92448978034815
2024-09-17,303.92448978034815
2024-09-18,301.3744898426289
2024-09-19,295.3173472346092
2024-09-20,305.3061224879051
2024-09-23,303.9775507401447
2024-09-24,304.83367355502384
2024-09-25,307.6540815392319
2024-09-26,309.1867347250179
2024-09-27,308.96632673302474
2024-09-30,304.63367345381755
2024-10-01,300.610204190624
2024-10-02,300.610204190624
2024-10-03,300.610204190624
2024-10-04,298.1989797086132
2024-10-07,300.96836728465803
2024-10-08,297.47040814769514
2024-10-09,299.26122455207667
2024-10-10,299.26122455207667
2024-10-11,297.4071426780856
2024-10-14,300.00000011677645
2024-10-15,303.2795918912304
2024-10-16,300.3908163965965
2024-10-17,303.0816324973593
2024-10-18,303.57040810098454
2024-10-21,302.6469388689314
2024-10-22,304.17142864149446
2024-10-23,304.88775510204084
2024-10-24,303.1673468764947
2024-10-25,301.6061224645498
2024-10-28,303.6581632263806
2024-10-29,299.5377549930495
2024-10-30,297.4734696368782
2024-10-31,297.4734696368782
2024-11-01,289.0755101807263
2024-11-04,299.4897958015909
2024-11-05,300.3040817027189
2024-11-06,303.5999999922149
2024-11-07,309.4438775899459
2024-11-08,313.8612245053661
2024-11-11,309.874489764778
2024-11-12,306.13265298337353
2024-11-13,304.26326533726285
2024-11-14,304.5367346004564
2024-11-15,302.36530599788745
2024-11-18,303.0408163265306
2024-11-19,302.58979587165675
2024-11-20,303.3040817027189
2024-11-21,301.436734647167
2024-11-22,305.2867346004564
2024-11-25,309.2132653995436
2024-11-26,305.30612260468155
2024-11-27,304.2581631796701
2024-11-28,299.66530613023406
2024-11-29,294.7397959572928
2024-12-02,301.55306111549845
2024-12-03,308.5755100639499
2024-12-04,306.26836741700464
2024-12-05,313.17142840794156
2024-12-06,316.1244899983309
2024-12-09,315.4020408318967
2024-12-10,317.30510197853556
2024-12-11,315.0622450770164
2024-12-12,319.9683674014345
2024-12-13,320.15714295056404
2024-12-16,328.15612248011996
2024-12-17,328.4010202836017
2024-12-18,332.90408161708285
2024-12-19,329.016326592893
2024-12-20,331.6724488394601
2024-12-23,332.58775524217253
2024-12-24,336.48367348495793
2024-12-25,334.97244869932837
2024-12-26,334.70306131791097
2024-12-27,335.65816326530614
2024-12-30,338.3255102975028
2024-12-31,333.5193875371193
2025-01-01,333.5193875371193
2025-01-02,335.3397960662842
2025-01-03,331.0438775821608
2025-01-06,331.29795946393693
2025-01-07,338.82959175109863
2025-01-08,339.1540818117103
2025-01-09,335.3142856675751
2025-01-10,333.92040805427393
2025-01-13,326.874489686927
2025-01-14,320.0499999766447
2025-01-15,322.85000007006585
2025-01-16,330.7224489718067
2025-01-17,330.59387759773097
2025-01-20,330.0030609442263
2025-01-21,336.307143191902
2025-01-22,338.5346936984938
2025-01-23,338.5346936984938
2025-01-24,338.5346936984938
2025-01-27,338.5346936984938
2025-01-28,338.5346936984938
2025-01-29,338.5346936984938
2025-01-30,338.5346936984938
2025-01-31,338.5346936984938
2025-02-03,323.30612229327767
2025-02-04,334.9051019707505
2025-02-05,341.14183682811506
2025-02-06,347.4755102663624
2025-02-07,346.938775588055
2025-02-10,350.8877549463389
2025-02-11,348.62244878496443
2025-02-12,351.46020410498795
2025-02-13,349.1642856208646
2025-02-14,352.08265292887785
2025-02-17,350.8979591836735
2025-02-18,354.2877549930495
2025-02-19,351.109183642329
2025-02-20,349.2693878485232
2025-02-21,347.88163262970596
2025-02-24,348.0571429972746
2025-02-25,347.78571416893783
2025-02-26,344.9938778001435
2025-02-27,349.4724488161048
2025-02-28,349.4724488161048
2025-03-03,336.89897961519205
2025-03-04,328.98061250180615
2025-03-05,335.4040817727848
2025-03-06,336.32857135850554
2025-03-07,330.87244901851733
2025-03-10,332.1418367113386
2025-03-11,317.0581633509422
2025-03-12,324.45204100316886
2025-03-13,328.79081636545607
2025-03-14,321.20204073069044
2025-03-17,320.8520411277304
2025-03-18,322.647959144748
2025-03-19,327.10102061836085
2025-03-20,326.60714285714283
2025-03-21,325.75204097981356
2025-03-24,326.2693875371193
2025-03-25,324.3102042529048
2025-03-26,326.4775509736976
2025-03-27,322.17346954345703
2025-03-28,319.80612237112865
2025-03-31,319.80612237112865
